{
  "info": {
    "name": "Core Service API",
    "schema": "https://schema.getpostman.com/json/collection/v2.1.0/collection.json"
  },
  "item": [
    {
      "name": "Registrar Usuário",
      "request": {
        "method": "POST",
        "header": [
          { "key": "Content-Type", "value": "application/json" }
        ],
        "body": {
          "mode": "raw",
          "raw": "{\n    \"username\": \"testeuser\",\n    \"email\": \"teste@example.com\",\n    \"password\": \"123456\"\n}"
        },
        "url": {
          "raw": "{{baseUrl}}/users",
          "host": ["{{baseUrl}}"],
          "path": ["users"]
        }
      }
    },
    {
      "name": "Login",
      "request": {
        "method": "POST",
        "header": [
          { "key": "Content-Type", "value": "application/json" }
        ],
        "body": {
          "mode": "raw",
          "raw": "{\n    \"email\": \"teste@example.com\",\n    \"password\": \"123456\"\n}"
        },
        "url": {
          "raw": "{{baseUrl}}/auth",
          "host": ["{{baseUrl}}"],
          "path": ["auth"]
        }
      },
      "event": [
        {
          "listen": "test",
          "script": {
            "exec": [
              "var jsonData = pm.response.json();",
              "if (jsonData.token) {",
              "   pm.environment.set('token', jsonData.token);",
              "}"
            ],
            "type": "text/javascript"
          }
        }
      ]
    },
    {
      "name": "Listar Usuários",
      "request": {
        "method": "GET",
        "header": [
          { "key": "Authorization", "value": "Bearer {{token}}" }
        ],
        "url": {
          "raw": "{{baseUrl}}/users",
          "host": ["{{baseUrl}}"],
          "path": ["users"]
        }
      }
    }
  ],
  "variable": [
    { "key": "baseUrl", "value": "http://localhost:8080" }
  ]
}
